Workbook

Sheet Overview
B2: DivertScan | C2: LEED Verification Test Plan
B3: Acceptance Tests · Gap Tracker · Pre-Audit Artifact
B5: PURPOSE | C5: Verify that DivertScan handles every LEED v4 / v4.1 / v5 source-separation and reporting rule correctly — by running concrete, observable tests.
B6: AUDIENCE | C6: Internal: developer + product owner verifying claims match implementation. External: sustainability consultants, GBCI reviewers, GCs evaluating DivertScan for adoption.
B7: HOW TO USE | C7: 1. Open Test Plan tab. 2. Read each test (Setup → Action → Expected → Pass Criteria). 3. Run the test in your production system. 4. Set Status to Pass / Partial / Fail / Not Built. 5. Note evidence (screenshot path, DB query result, hash) in Evidence column. 6. Dashboard tab auto-summarizes status.
B8: SOURCES | C8: LEED v4 BD+C Reference Guide · LEED v4.1 Addenda (Jul 2019, Oct 2018) · LEED v5 BD+C Reference Guide (Apr 2025 Launch Edition) · CAGBC guidance on v4.1 commingled streams · LEEDuser MRc5 guidance for NC v4 and v4.1.
B9: STATUS DEFINITIONS | C9: ✓ Pass — Test ran successfully; behavior matches expected. ⚠ Partial — Some of the test passes; documented limitation. ✗ Fail — Test ran but produced wrong result; bug. ○ Not Built — Feature not yet implemented; gap. — Not Tested — Test pending execution.
B11: CONTACT | C11: Robert · (214) 507-8899 · hello@divertscan.com · divertscan.com

Sheet Test Plan
A1: DivertScan LEED Verification Test Plan — Run Each Test, Fill Status
A3: Test ID | B3: Category | C3: Claim | D3: Setup | E3: Action | F3: Expected Result | G3: Pass Criteria | H3: LEED Versions | I3: Severity | J3: Status | K3: Evidence / Notes | L3: Verified By | M3: Date
A4: T-001 | B4: Material Streams | C4: Material streams defined by end-market (not just material type) | D4: 1. Create test project "WMP-Audit-2026" with weight unit = tons. 2. Add 2 haulers: "Recycler A" (destination = wood-to-reuse facility), "Recycler B" (destination = wood-to-biofuel facility). 3. Add 3 wood tickets to Hauler A (5T, 4T, 3T) and 3 wood tickets to Hauler B (2T, 2T, 2T). | E4: Generate MRc5 stream-count report for project. | F4: Report shows 2 distinct material streams for wood (wood-to-reuse and wood-to-biofuel), not 1 combined "wood" stream. | G4: Stream count for wood = 2. Stream list shows both destinations separately. Each stream has its own weight total. | H4: v4, v4.1 | I4: CRITICAL | J4: —
A5: T-002 | B5: Material Streams | C5: Source-separated dumpsters auto-counted from ticket origin | D5: 1. Project setup: define 4 dumpster types: concrete, metals, wood, drywall. 2. Log 5 tickets each, one ticket per dumpster type, source-separated (not commingled). | E5: Generate stream-count report. | F5: 4 source-separated streams counted automatically. No manual stream assignment required. | G5: Stream count = 4. Each stream shows source-separated origin. All ticket weights captured. | H5: v4, v4.1 | I5: CRITICAL | J5: —
A6: T-003 | B6: Material Streams | C6: v4 — 4 streams + 75% diversion threshold (2 pts) | D6: 1. Project registered as LEED v4 BD+C. 2. Log tickets totaling: 100T total, 80T diverted, across 4 distinct material streams. | E6: Generate MRc5 report for v4. | F6: Report shows 80% diversion ≥ 75% threshold + 4 streams ≥ 4 required = 2 points earned. | G6: Points column shows "2 pts" with green checkmark. Threshold + stream count both displayed. | H6: v4 | I6: HIGH | J6: —
A7: T-004 | B7: Material Streams | C7: v4.1 — 2-3 streams threshold (simplified) | D7: 1. Project registered as LEED v4.1 BD+C. 2. Log tickets: 100T total, 75T diverted, across 3 streams (1 commingled + 2 source-separated). | E7: Generate MRc5 report for v4.1. | F7: Report shows 75% diversion + 3 streams = qualifies for 2 pts under v4.1 Path 1 (commingled + 2 streams) OR equivalent. | G7: Points column shows correct v4.1 path. Differs from v4 logic. | H7: v4.1 | I7: HIGH | J7: —
A8: T-005 | B8: Material Streams | C8: v5 — material stream count optional but documented | D8: 1. Project registered as LEED v5 BD+C. 2. Log tickets totaling 100T diverted of 200T total. | E8: Generate v5 MRc5 report. | F8: Report computes diversion % per v5 rules (no minimum stream count required). Stream breakdown still shown for narrative. | G8: No stream-count threshold enforced for v5. Streams listed for narrative quality. | H8: v5 | I8: HIGH | J8: —
A9: T-010 | B9: Commingled Recycling | C9: Commingled = 1 stream rule enforced (no per-material data) | D9: 1. Add hauler "ABC MRF" as commingled facility (no project-specific weighed data). 2. Log 3 tickets to ABC MRF: 5T, 3T, 2T (total 10T). 3. Add a separate source-separated metals ticket: 2T. | E9: Generate stream-count report. | F9: Commingled load counts as 1 stream (not 3). Plus 1 metals stream = 2 streams total. | G9: Stream count = 2 (commingled + metals). NOT 4. Warning visible: "Commingled facility — project-specific weights recommended for stream credit." | H9: v4, v4.1 | I9: CRITICAL | J9: —
A10: T-011 | B10: Commingled Recycling | C10: Commingled with project-specific weighed data = multiple streams | D10: 1. Add hauler "XYZ MRF" with project-specific diversion data enabled. 2. Log a commingled ticket of 10T with sort breakdown: 4T concrete, 3T wood, 2T metal, 1T trash (provided by facility, weighed not estimated). | E10: Generate stream-count report. | F10: Commingled load with sorted breakdown counts as 3 diversion streams (concrete, wood, metal). Trash counted as waste. | G10: Stream count = 3 from this load alone. Each material has its own weight. Trash bucketed as waste, not diversion. | H10: v4, v4.1 | I10: HIGH | J10: —
A11: T-012 | B11: Commingled Recycling | C11: Facility-average diversion rate (regulated authority required) | D11: 1. Add hauler "DEF Recycling" with facility-average diversion rate = 65%, regulator = TCEQ (Texas state authority). 2. Log a commingled ticket: 10T to DEF Recycling. | E11: Generate report. | F11: System applies 65% facility-average to the 10T (6.5T diverted, 3.5T waste). Regulator name appears on report. | G11: Diversion math uses 65%. Report footer shows "Facility-average rate verified by TCEQ". | H11: v4, v4.1 | I11: HIGH | J11: —
A12: T-013 | B12: Commingled Recycling | C12: Visual inspection NOT acceptable — flagged | D12: 1. Add hauler "VisualInspect MRF" with diversion rate source = "visual inspection". | E12: Try to save the hauler / generate a report using its data. | F12: System rejects or warns: visual inspection not acceptable for LEED. Must be either project-specific weighed data OR regulated facility-average. | G12: Save fails with error OR report displays prominent "non-compliant data source" warning. | H12: v4, v4.1 | I12: CRITICAL | J12: —
A13: T-014 | B13: Commingled Recycling | C13: RCI certification status tracked + expiry monitored | D13: 1. Add hauler with RCI cert # = "RCI-12345", expiry = 90 days from today. 2. Add second hauler with RCI cert expiry = 5 days ago (expired). | E13: View hauler list and any report referencing these haulers. | F13: Active hauler shows green RCI badge with expiry date. Expired hauler shows red warning. Reports flag tickets from expired-cert haulers. | G13: Hauler list shows both badges correctly. Expired-cert tickets appear in pre-submittal review queue. | H13: v4.1+ | I13: HIGH | J13: —
A14: T-020 | B14: Material Exclusions | C14: ADC counted as waste, not diversion | D14: 1. Log a ticket with material destination tagged as "ADC" (Alternative Daily Cover): 5T. 2. Also log a recycled metals ticket: 5T. | E14: Generate diversion % calculation. | F14: ADC 5T appears in "Total Waste Generated" but NOT in "Diverted". Metals 5T appears in both. Diversion = 5T/10T = 50%. | G14: Diversion math shows ADC explicitly excluded. Audit log shows the exclusion event with reason. | H14: All versions | I14: CRITICAL | J14: —
A15: T-021 | B15: Material Exclusions | C15: Wood-to-biofuel counted as diversion | D15: 1. Log a wood ticket with destination tagged as "wood-to-biofuel": 5T. | E15: Generate diversion calculation. | F15: The 5T wood counts as diversion (per LEED rules — wood-to-fuel is the one waste-to-energy path that counts). | G15: 5T appears in "Diverted" total. Report narrative explains the wood-to-fuel exception. | H15: All versions | I15: HIGH | J15: —
... A38: T-102 | B38: Audit Trail | C38: Edits create new records, never overwrite | D38: 1. Edit any committed ticket (e.g., change weight from 5.12T to 5.18T). | E38: View ticket history. | F38: Edit shows as a new audit log entry with: old value, new value, editor, timestamp, reason. Original preserved with its hash. | G38: Audit log entry has all 5 fields. Original hash matches original input data. | H38: All versions | I38: CRITICAL | J38: —

Sheet Dashboard
B2: DivertScan LEED Verification — Status Dashboard
B3: Auto-updates from "Test Plan" tab. Refresh formulas if values look stale.
B5: OVERALL STATUS
B6: ✓ Pass | C6: =COUNTIF('Test Plan'!J4:J38,"*Pass*") -> 0
B7: ⚠ Partial | C7: =COUNTIF('Test Plan'!J4:J38,"*Partial*") -> 0
B8: ✗ Fail | C8: =COUNTIF('Test Plan'!J4:J38,"*Fail*") -> 0
B9: ○ Not Built | C9: =COUNTIF('Test Plan'!J4:J38,"*Not Built*") -> 0
B10: — Not Tested | C10: =COUNTIF('Test Plan'!J4:J38,"*—*") -> 35
B11: TOTAL TESTS | C11: =COUNTA('Test Plan'!A4:A38) -> 35
B13: % Tests Passing | C13: =IFERROR(C6/C11,0) -> 0
B16: BY SEVERITY
B17: Severity | C17: Total | E17: Pass | F17: Open Gaps
B18: CRITICAL | C18: =COUNTIF('Test Plan'!I4:I38,"CRITICAL") -> 14 | E18: =COUNTIFS('Test Plan'!I4:I38,"CRITICAL",'Test Plan'!J4:J38,"*Pass*") -> 0 | F18: =COUNTIF('Test Plan'!I4:I38,"CRITICAL")-COUNTIFS('Test Plan'!I4:I38,"CRITICAL",'Test Plan'!J4:J38,"*Pass*") -> 14
B19: HIGH | C19: =COUNTIF('Test Plan'!I4:I38,"HIGH") -> 15 | E19: =COUNTIFS('Test Plan'!I4:I38,"HIGH",'Test Plan'!J4:J38,"*Pass*") -> 0 | F19: =COUNTIF('Test Plan'!I4:I38,"HIGH")-COUNTIFS('Test Plan'!I4:I38,"HIGH",'Test Plan'!J4:J38,"*Pass*") -> 15
B20: MEDIUM | C20: =COUNTIF('Test Plan'!I4:I38,"MEDIUM") -> 6 | E20: =COUNTIFS('Test Plan'!I4:I38,"MEDIUM",'Test Plan'!J4:J38,"*Pass*") -> 0 | F20: =COUNTIF('Test Plan'!I4:I38,"MEDIUM")-COUNTIFS('Test Plan'!I4:I38,"MEDIUM",'Test Plan'!J4:J38,"*Pass*") -> 6
B22: SUBMITTAL READINESS
B23: =IF(COUNTIFS('Test Plan'!I4:I38,"CRITICAL",'Test Plan'!J4:J38,"*Pass*")=COUNTIF('Test Plan'!I4:I38,"CRITICAL"),IF(COUNTIFS('Test Plan'!I4:I38,"HIGH",'Test Plan'!J4:J38,"*Pass*")=COUNTIF('Test Plan'!I4:I38,"HIGH"),"✓ READY — All Critical + High tests pass","⚠ CONDITIONAL — All Critical pass; some High gaps remain"),"✗ NOT READY — Critical-severity gaps must be closed before LEED submittal") -> ✗ NOT READY — Critical-severity gaps must be closed before LEED submittal

Sheet By Category
B2: Status By LEED Requirement Category
B4: Category | C4: Total | D4: Pass | E4: Partial | F4: Fail | G4: Not Built | H4: % Pass
B5: Material Streams | C5: =COUNTIF('Test Plan'!B4:B38,"Material Streams") -> 5 | D5: =COUNTIFS('Test Plan'!B4:B38,"Material Streams",'Test Plan'!J4:J38,"*Pass*") -> 0 | E5: =COUNTIFS('Test Plan'!B4:B38,"Material Streams",'Test Plan'!J4:J38,"*Partial*") -> 0 | F5: =COUNTIFS('Test Plan'!B4:B38,"Material Streams",'Test Plan'!J4:J38,"*Fail*") -> 0 | G5: =COUNTIFS('Test Plan'!B4:B38,"Material Streams",'Test Plan'!J4:J38,"*Not Built*") -> 0 | H5: =IFERROR(D5/C5,0) -> 0
B6: Commingled Recycling | C6: =COUNTIF('Test Plan'!B4:B38,"Commingled Recycling") -> 5 | D6: =COUNTIFS('Test Plan'!B4:B38,"Commingled Recycling",'Test Plan'!J4:J38,"*Pass*") -> 0 | E6: =COUNTIFS('Test Plan'!B4:B38,"Commingled Recycling",'Test Plan'!J4:J38,"*Partial*") -> 0 | F6: =COUNTIFS('Test Plan'!B4:B38,"Commingled Recycling",'Test Plan'!J4:J38,"*Fail*") -> 0 | G6: =COUNTIFS('Test Plan'!B4:B38,"Commingled Recycling",'Test Plan'!J4:J38,"*Not Built*") -> 0 | H6: =IFERROR(D6/C6,0) -> 0
B7: Material Exclusions | C7: =COUNTIF('Test Plan'!B4:B38,"Material Exclusions") -> 6 | D7: =COUNTIFS('Test Plan'!B4:B38,"Material Exclusions",'Test Plan'!J4:J38,"*Pass*") -> 0 | E7: =COUNTIFS('Test Plan'!B4:B38,"Material Exclusions",'Test Plan'!J4:J38,"*Partial*") -> 0 | F7: =COUNTIFS('Test Plan'!B4:B38,"Material Exclusions",'Test Plan'!J4:J38,"*Fail*") -> 0 | G7: =COUNTIFS('Test Plan'!B4:B38,"Material Exclusions",'Test Plan'!J4:J38,"*Not Built*") -> 0 | H7: =IFERROR(D7/C7,0) -> 0
B8: Phase Tracking | C8: =COUNTIF('Test Plan'!B4:B38,"Phase Tracking") -> 2 | D8: =COUNTIFS('Test Plan'!B4:B38,"Phase Tracking",'Test Plan'!J4:J38,"*Pass*") -> 0 | E8: =COUNTIFS('Test Plan'!B4:B38,"Phase Tracking",'Test Plan'!J4:J38,"*Partial*") -> 0 | F8: =COUNTIFS('Test Plan'!B4:B38,"Phase Tracking",'Test Plan'!J4:J38,"*Fail*") -> 0 | G8: =COUNTIFS('Test Plan'!B4:B38,"Phase Tracking",'Test Plan'!J4:J38,"*Not Built*") -> 0 | H8: =IFERROR(D8/C8,0) -> 0
B9: Units (weight or volume) | C9: =COUNTIF('Test Plan'!B4:B38,"Units (weight or volume)") -> 2 | D9: =COUNTIFS('Test Plan'!B4:B38,"Units (weight or volume)",'Test Plan'!J4:J38,"*Pass*") -> 0 | E9: =COUNTIFS('Test Plan'!B4:B38,"Units (weight or volume)",'Test Plan'!J4:J38,"*Partial*") -> 0 | F9: =COUNTIFS('Test Plan'!B4:B38,"Units (weight or volume)",'Test Plan'!J4:J38,"*Fail*") -> 0 | G9: =COUNTIFS('Test Plan'!B4:B38,"Units (weight or volume)",'Test Plan'!J4:J38,"*Not Built*") -> 0 | H9: =IFERROR(D9/C9,0) -> 0
B10: Thresholds | C10: =COUNTIF('Test Plan'!B4:B38,"Thresholds") -> 2 | D10: =COUNTIFS('Test Plan'!B4:B38,"Thresholds",'Test Plan'!J4:J38,"*Pass*") -> 0 | E10: =COUNTIFS('Test Plan'!B4:B38,"Thresholds",'Test Plan'!J4:J38,"*Partial*") -> 0 | F10: =COUNTIFS('Test Plan'!B4:B38,"Thresholds",'Test Plan'!J4:J38,"*Fail*") -> 0 | G10: =COUNTIFS('Test Plan'!B4:B38,"Thresholds",'Test Plan'!J4:J38,"*Not Built*") -> 0 | H10: =IFERROR(D10/C10,0) -> 0
B11: WMP (v4 MRp2) | C11: =COUNTIF('Test Plan'!B4:B38,"WMP (v4 MRp2)") -> 2 | D11: =COUNTIFS('Test Plan'!B4:B38,"WMP (v4 MRp2)",'Test Plan'!J4:J38,"*Pass*") -> 0 | E11: =COUNTIFS('Test Plan'!B4:B38,"WMP (v4 MRp2)",'Test Plan'!J4:J38,"*Partial*") -> 0 | F11: =COUNTIFS('Test Plan'!B4:B38,"WMP (v4 MRp2)",'Test Plan'!J4:J38,"*Fail*") -> 0 | G11: =COUNTIFS('Test Plan'!B4:B38,"WMP (v4 MRp2)",'Test Plan'!J4:J38,"*Not Built*") -> 0 | H11: =IFERROR(D11/C11,0) -> 0
B12: WMP (v5 MRp1) | C12: =COUNTIF('Test Plan'!B4:B38,"WMP (v5 MRp1)") -> 1 | D12: =COUNTIFS('Test Plan'!B4:B38,"WMP (v5 MRp1)",'Test Plan'!J4:J38,"*Pass*") -> 0 | E12: =COUNTIFS('Test Plan'!B4:B38,"WMP (v5 MRp1)",'Test Plan'!J4:J38,"*Partial*") -> 0 | F12: =COUNTIFS('Test Plan'!B4:B38,"WMP (v5 MRp1)",'Test Plan'!J4:J38,"*Fail*") -> 0 | G12: =COUNTIFS('Test Plan'!B4:B38,"WMP (v5 MRp1)",'Test Plan'!J4:J38,"*Not Built*") -> 0 | H12: =IFERROR(D12/C12,0) -> 0
B13: Embodied Carbon (v5 MRp2) | C13: =COUNTIF('Test Plan'!B4:B38,"Embodied Carbon (v5 MRp2)") -> 2 | D13: =COUNTIFS('Test Plan'!B4:B38,"Embodied Carbon (v5 MRp2)",'Test Plan'!J4:J38,"*Pass*") -> 0 | E13: =COUNTIFS('Test Plan'!B4:B38,"Embodied Carbon (v5 MRp2)",'Test Plan'!J4:J38,"*Partial*") -> 0 | F13: =COUNTIFS('Test Plan'!B4:B38,"Embodied Carbon (v5 MRp2)",'Test Plan'!J4:J38,"*Fail*") -> 0 | G13: =COUNTIFS('Test Plan'!B4:B38,"Embodied Carbon (v5 MRp2)",'Test Plan'!J4:J38,"*Not Built*") -> 0 | H13: =IFERROR(D13/C13,0) -> 0
B14: Facility Records | C14: =COUNTIF('Test Plan'!B4:B38,"Facility Records") -> 2 | D14: =COUNTIFS('Test Plan'!B4:B38,"Facility Records",'Test Plan'!J4:J38,"*Pass*") -> 0 | E14: =COUNTIFS('Test Plan'!B4:B38,"Facility Records",'Test Plan'!J4:J38,"*Partial*") -> 0 | F14: =COUNTIFS('Test Plan'!B4:B38,"Facility Records",'Test Plan'!J4:J38,"*Fail*") -> 0 | G14: =COUNTIFS('Test Plan'!B4:B38,"Facility Records",'Test Plan'!J4:J38,"*Not Built*") -> 0 | H14: =IFERROR(D14/C14,0) -> 0
B15: Reporting | C15: =COUNTIF('Test Plan'!B4:B38,"Reporting") -> 3 | D15: =COUNTIFS('Test Plan'!B4:B38,"Reporting",'Test Plan'!J4:J38,"*Pass*") -> 0 | E15: =COUNTIFS('Test Plan'!B4:B38,"Reporting",'Test Plan'!J4:J38,"*Partial*") -> 0 | F15: =COUNTIFS('Test Plan'!B4:B38,"Reporting",'Test Plan'!J4:J38,"*Fail*") -> 0 | G15: =COUNTIFS('Test Plan'!B4:B38,"Reporting",'Test Plan'!J4:J38,"*Not Built*") -> 0 | H15: =IFERROR(D15/C15,0) -> 0
B16: Audit Trail | C16: =COUNTIF('Test Plan'!B4:B38,"Audit Trail") -> 3 | D16: =COUNTIFS('Test Plan'!B4:B38,"Audit Trail",'Test Plan'!J4:J38,"*Pass*") -> 0 | E16: =COUNTIFS('Test Plan'!B4:B38,"Audit Trail",'Test Plan'!J4:J38,"*Partial*") -> 0 | F16: =COUNTIFS('Test Plan'!B4:B38,"Audit Trail",'Test Plan'!J4:J38,"*Fail*") -> 0 | G16: =COUNTIFS('Test Plan'!B4:B38,"Audit Trail",'Test Plan'!J4:J38,"*Not Built*") -> 0 | H16: =IFERROR(D16/C16,0) -> 0
